unix_timestamp,active_mem,readable_time
1366036920,1090626979.4,2013/04/15 16:42:00
1366037280,1095744372.9,2013/04/15 16:48:00
1366037640,1094532381.5,2013/04/15 16:54:00
1366038000,1092167007.1,2013/04/15 17:00:00
1366038360,1094784294.8,2013/04/15 17:06:00
1366038720,1093237310.9,2013/04/15 17:12:00
1366039080,1097355387.3,2013/04/15 17:18:00
1366039440,1092009127.1,2013/04/15 17:24:00
1366039800,1087639202.3,2013/04/15 17:30:00
1366040160,1099130001.6,2013/04/15 17:36:00
1366040520,1096892679.3,2013/04/15 17:42:00
1366040880,1094221215.4,2013/04/15 17:48:00
1366041240,1079157334.7,2013/04/15 17:54:00
1366041600,1082030171.0,2013/04/15 18:00:00
1366041960,1096438828.7,2013/04/15 18:06:00
1366042320,1098311750.4,2013/04/15 18:12:00
1366042680,1094682270.2,2013/04/15 18:18:00
1366043040,1076964115.2,2013/04/15 18:24:00
1366043400,1095793461.6,2013/04/15 18:30:00
1366043760,1096433499.9,2013/04/15 18:36:00
1366044120,1089244206.6,2013/04/15 18:42:00
1366044480,1093790361.2,2013/04/15 18:48:00
1366044840,1094389122.7,2013/04/15 18:54:00
1366045200,1095920379.2,2013/04/15 19:00:00
1366045560,1088386348.9,2013/04/15 19:06:00
1366045920,1097066025.0,2013/04/15 19:12:00
1366046280,1098648195.7,2013/04/15 19:18:00
1366046640,1098357833.5,2013/04/15 19:24:00
1366047000,1090077325.0,2013/04/15 19:30:00
1366047360,1102744058.4,2013/04/15 19:36:00
1366047720,1117994869.7,2013/04/15 19:42:00
1366048080,1117868616.0,2013/04/15 19:48:00
1366048440,1118140723.8,2013/04/15 19:54:00
1366048800,1119737897.7,2013/04/15 20:00:00
1366049160,1119598870.7,2013/04/15 20:06:00
1366049520,1119581118.5,2013/04/15 20:12:00
1366049880,1118544632.0,2013/04/15 20:18:00
1366050240,1118476272.1,2013/04/15 20:24:00
1366050600,1118099742.5,2013/04/15 20:30:00
1366050960,1117103860.2,2013/04/15 20:36:00
1366051320,1116943716.0,2013/04/15 20:42:00
1366051680,1116854744.0,2013/04/15 20:48:00
1366052040,1116093714.2,2013/04/15 20:54:00
1366052400,1115608712.4,2013/04/15 21:00:00
1366052760,1115135454.7,2013/04/15 21:06:00
1366053120,1114596593.7,2013/04/15 21:12:00
1366053480,1113686295.4,2013/04/15 21:18:00
1366053840,1114176076.4,2013/04/15 21:24:00
1366054200,1113410436.9,2013/04/15 21:30:00
1366054560,1114144070.4,2013/04/15 21:36:00
1366054920,1114295452.3,2013/04/15 21:42:00
1366055280,1115117520.3,2013/04/15 21:48:00
1366055640,1114605115.8,2013/04/15 21:54:00
1366056000,1114642527.5,2013/04/15 22:00:00
1366056360,1115173504.0,2013/04/15 22:06:00
1366056720,1115157273.9,2013/04/15 22:12:00
1366057080,1114491704.3,2013/04/15 22:18:00
1366057440,1114138725.4,2013/04/15 22:24:00
1366057800,1116970727.7,2013/04/15 22:30:00
1366058160,1116659952.7,2013/04/15 22:36:00
1366058520,1117112203.2,2013/04/15 22:42:00
1366058880,1116986680.9,2013/04/15 22:48:00
1366059240,1117260035.7,2013/04/15 22:54:00
1366059600,1116241153.8,2013/04/15 23:00:00
1366059960,1117911982.1,2013/04/15 23:06:00
1366060320,1117156580.3,2013/04/15 23:12:00
1366060680,1116931623.5,2013/04/15 23:18:00
1366061040,1119701835.9,2013/04/15 23:24:00
1366061400,1120111413.3,2013/04/15 23:30:00
1366061760,1118889826.9,2013/04/15 23:36:00
1366062120,1118317232.7,2013/04/15 23:42:00
1366062480,1118155773.8,2013/04/15 23:48:00
1366062840,1116738956.2,2013/04/15 23:54:00
1366063200,1121710274.2,2013/04/16 00:00:00
1366063560,1121427413.6,2013/04/16 00:06:00
1366063920,1121609985.8,2013/04/16 00:12:00
1366064280,1122801138.0,2013/04/16 00:18:00
1366064640,1122027674.8,2013/04/16 00:24:00
1366065000,1121400548.5,2013/04/16 00:30:00
1366065360,1122640138.3,2013/04/16 00:36:00
1366065720,1122610303.6,2013/04/16 00:42:00
1366066080,1124816709.3,2013/04/16 00:48:00
1366066440,1123842081.6,2013/04/16 00:54:00
1366066800,1123994296.4,2013/04/16 01:00:00
1366067160,1124649937.5,2013/04/16 01:06:00
1366067520,1123464305.7,2013/04/16 01:12:00
1366067880,1123789804.4,2013/04/16 01:18:00
1366068240,1123344804.2,2013/04/16 01:24:00
1366068600,1123344157.6,2013/04/16 01:30:00
1366068960,1123660497.8,2013/04/16 01:36:00
1366069320,1123096776.5,2013/04/16 01:42:00
1366069680,1123135625.1,2013/04/16 01:48:00
1366070040,1123394355.5,2013/04/16 01:54:00
1366070400,1122994797.3,2013/04/16 02:00:00
1366070760,1121848488.5,2013/04/16 02:06:00
1366071120,1123895535.8,2013/04/16 02:12:00
1366071480,1122733223.6,2013/04/16 02:18:00
1366071840,1123877877.5,2013/04/16 02:24:00
1366072200,1122670072.2,2013/04/16 02:30:00
1366072560,1122600312.1,2013/04/16 02:36:00
1366072920,1123111704.3,2013/04/16 02:42:00
1366073280,1122915386.1,2013/04/16 02:48:00
1366073640,1122994934.7,2013/04/16 02:54:00
1366074000,1124121464.2,2013/04/16 03:00:00
1366074360,1123935432.0,2013/04/16 03:06:00
1366074720,1123348430.6,2013/04/16 03:12:00
1366075080,1123982586.8,2013/04/16 03:18:00
1366075440,1123474616.0,2013/04/16 03:24:00
1366075800,1123128187.7,2013/04/16 03:30:00
1366076160,1123267686.2,2013/04/16 03:36:00
1366076520,1123527005.6,2013/04/16 03:42:00
1366076880,1123484293.6,2013/04/16 03:48:00
1366077240,1123732506.6,2013/04/16 03:54:00
1366077600,1124268305.7,2013/04/16 04:00:00
1366077960,1123294457.4,2013/04/16 04:06:00
1366078320,1124164661.8,2013/04/16 04:12:00
1366078680,1123203499.7,2013/04/16 04:18:00
1366079040,1122953977.7,2013/04/16 04:24:00
1366079400,1124149212.3,2013/04/16 04:30:00
1366079760,1122742269.1,2013/04/16 04:36:00
1366080120,1124124250.4,2013/04/16 04:42:00
1366080480,1123570141.9,2013/04/16 04:48:00
1366080840,1122897215.3,2013/04/16 04:54:00
1366081200,1124355874.8,2013/04/16 05:00:00
1366081560,1123974579.1,2013/04/16 05:06:00
1366081920,1123248040.7,2013/04/16 05:12:00
1366082280,1122210421.2,2013/04/16 05:18:00
1366082640,1122736114.5,2013/04/16 05:24:00
1366083000,1122300312.4,2013/04/16 05:30:00
1366083360,1122674206.1,2013/04/16 05:36:00
1366083720,1123075926.4,2013/04/16 05:42:00
1366084080,1123001687.9,2013/04/16 05:48:00
1366084440,1123924093.9,2013/04/16 05:54:00
1366084800,1123367144.5,2013/04/16 06:00:00
1366085160,1122504410.1,2013/04/16 06:06:00
1366085520,1122285239.2,2013/04/16 06:12:00
1366085880,1122174936.1,2013/04/16 06:18:00
1366086240,1122042941.7,2013/04/16 06:24:00
1366086600,1120544251.3,2013/04/16 06:30:00
1366086960,1120443936.7,2013/04/16 06:36:00
1366087320,1119170521.1,2013/04/16 06:42:00
1366087680,1118738461.8,2013/04/16 06:48:00
1366088040,1118802145.5,2013/04/16 06:54:00
1366088400,1117406336.2,2013/04/16 07:00:00
1366088760,1117369851.9,2013/04/16 07:06:00
1366089120,1118097795.1,2013/04/16 07:12:00
1366089480,1118007645.3,2013/04/16 07:18:00
1366089840,1118630052.8,2013/04/16 07:24:00
1366090200,1119306033.1,2013/04/16 07:30:00
1366090560,1119173964.3,2013/04/16 07:36:00
1366090920,1119426858.4,2013/04/16 07:42:00
1366091280,1119899814.5,2013/04/16 07:48:00
1366091640,1120071874.1,2013/04/16 07:54:00
1366092000,1119853230.7,2013/04/16 08:00:00
1366092360,1119963849.4,2013/04/16 08:06:00
1366092720,1119974412.8,2013/04/16 08:12:00
1366093080,1119770686.0,2013/04/16 08:18:00
1366093440,1119775140.7,2013/04/16 08:24:00
1366093800,1119634149.4,2013/04/16 08:30:00
1366094160,1119380633.7,2013/04/16 08:36:00
1366094520,1119234491.3,2013/04/16 08:42:00
1366094880,1119068465.1,2013/04/16 08:48:00
1366095240,1118990538.0,2013/04/16 08:54:00
1366095600,1118852552.4,2013/04/16 09:00:00
1366095960,1118698592.5,2013/04/16 09:06:00
1366096320,1117657549.3,2013/04/16 09:12:00
1366096680,1116980772.6,2013/04/16 09:18:00
1366097040,1117742700.1,2013/04/16 09:24:00
1366097400,1117253393.0,2013/04/16 09:30:00
1366097760,1116776235.3,2013/04/16 09:36:00
1366098120,1116595958.8,2013/04/16 09:42:00
1366098480,1116068927.2,2013/04/16 09:48:00
1366098840,1115673593.3,2013/04/16 09:54:00
1366099200,1115452980.4,2013/04/16 10:00:00
1366099560,1115080385.6,2013/04/16 10:06:00
1366099920,1114667305.9,2013/04/16 10:12:00
1366100280,1113911558.3,2013/04/16 10:18:00
1366100640,1112594280.7,2013/04/16 10:24:00
1366101000,1109659841.6,2013/04/16 10:30:00
1366101360,1104507086.6,2013/04/16 10:36:00
1366101720,1102000351.9,2013/04/16 10:42:00
1366102080,1102073607.3,2013/04/16 10:48:00
1366102440,1103564954.0,2013/04/16 10:54:00
1366102800,1105368130.4,2013/04/16 11:00:00
1366103160,1105088103.8,2013/04/16 11:06:00
1366103520,1105250160.1,2013/04/16 11:12:00
1366103880,1105518548.7,2013/04/16 11:18:00
1366104240,1105719712.8,2013/04/16 11:24:00
1366104600,1106105799.4,2013/04/16 11:30:00
1366104960,1106749477.8,2013/04/16 11:36:00
1366105320,1106536775.5,2013/04/16 11:42:00
1366105680,1090728075.7,2013/04/16 11:48:00
1366106040,1064764533.0,2013/04/16 11:54:00
1366106400,1041355228.5,2013/04/16 12:00:00
1366106760,1025304506.5,2013/04/16 12:06:00
1366107120,1013317033.4,2013/04/16 12:12:00
1366107480,1013408242.9,2013/04/16 12:18:00
1366107840,1007739839.6,2013/04/16 12:24:00
1366108200,1001544674.1,2013/04/16 12:30:00
1366108560,996972928.51,2013/04/16 12:36:00
1366108920,994680663.08,2013/04/16 12:42:00
1366109280,996602322.16,2013/04/16 12:48:00
1366109640,996786951.11,2013/04/16 12:54:00
1366110000,996905799.97,2013/04/16 13:00:00
1366110360,996299358.24,2013/04/16 13:06:00
1366110720,996458714.92,2013/04/16 13:12:00
1366111080,1014383689.3,2013/04/16 13:18:00
1366111440,1025856062.9,2013/04/16 13:24:00
1366111800,1026393985.1,2013/04/16 13:30:00
1366112160,1028883172.2,2013/04/16 13:36:00
1366112520,1028573602.4,2013/04/16 13:42:00
1366112880,1043634455.2,2013/04/16 13:48:00
1366113240,1034458801.3,2013/04/16 13:54:00
1366113600,1034938961.8,2013/04/16 14:00:00
1366113960,1036073139.7,2013/04/16 14:06:00
1366114320,1035204065.8,2013/04/16 14:12:00
1366114680,1036104426.6,2013/04/16 14:18:00
1366115040,1049935150.9,2013/04/16 14:24:00
1366115400,1045591662.2,2013/04/16 14:30:00
1366115760,1042838002.6,2013/04/16 14:36:00
1366116120,1042009851.0,2013/04/16 14:42:00
1366116480,1043417938.8,2013/04/16 14:48:00
1366116840,1043591211.5,2013/04/16 14:54:00
1366117200,1043214455.1,2013/04/16 15:00:00
1366117560,1043209247.7,2013/04/16 15:06:00
1366117920,1043009096.3,2013/04/16 15:12:00
1366118280,1043067288.7,2013/04/16 15:18:00
1366118640,1044141093.0,2013/04/16 15:24:00
1366119000,1046167735.9,2013/04/16 15:30:00
1366119360,1045942536.7,2013/04/16 15:36:00
1366119720,1046518371.9,2013/04/16 15:42:00
1366120080,1046625371.3,2013/04/16 15:48:00
1366120440,1047310628.2,2013/04/16 15:54:00
1366120800,1047273119.4,2013/04/16 16:00:00
1366121160,1046463137.6,2013/04/16 16:06:00
1366121520,1046234278.7,2013/04/16 16:12:00
1366121880,1044672849.0,2013/04/16 16:18:00
1366122240,1046456582.8,2013/04/16 16:24:00
1366122600,1041834073.4,2013/04/16 16:30:00
1366122960,1037816486.7,2013/04/16 16:36:00
1366123320,1037414599.8,2013/04/16 16:42:00
1366123680,1036876819.2,2013/04/16 16:48:00
1366124040,1036518647.0,2013/04/16 16:54:00
1366124400,1042928274.0,2013/04/16 17:00:00
